"","lake","chla","depth"
"1","Green",1.73444444444444,8
"2","Lillooet",1.878,6.4
"3","Lost",1.14333333333333,5
"4","One Mile",4.32666666666667,1
